,lat,long,problem,incidencia,fecha,anio,mes,dia,ciclo
0,27.34440041,-109.93435670000001,Roya Lineal,0.01,3/17/14,2014,3,17,Ciclo 2013-2014
1,27.26371574,-109.8471375,Roya Lineal,0.01,2/20/14,2014,2,20,Ciclo 2013-2014
2,27.22597122,-109.8559723,Roya Lineal,0.01,2/27/14,2014,2,27,Ciclo 2013-2014
3,27.19866753,-109.8906479,Roya Lineal,0.04,2/4/14,2014,2,4,Ciclo 2013-2014
4,27.47404099,-110.11666869999999,Roya Lineal,0.01,3/4/14,2014,3,4,Ciclo 2013-2014
5,27.53913498,-109.9816132,Roya Lineal,0.02,3/3/14,2014,3,3,Ciclo 2013-2014
6,27.44616508,-110.00850679999999,Roya Lineal,0.01,3/5/14,2014,3,5,Ciclo 2013-2014
7,27.4419632,-110.0156555,Roya Lineal,0.02,2/25/14,2014,2,25,Ciclo 2013-2014
8,27.44543076,-110.1793747,Roya Lineal,0.01,3/4/14,2014,3,4,Ciclo 2013-2014
9,27.24565315,-109.76322169999999,Roya Lineal,0.01,2/26/14,2014,2,26,Ciclo 2013-2014
10,27.12684822,-109.77305600000001,Roya Lineal,0.01,3/5/14,2014,3,5,Ciclo 2013-2014
11,27.17297935,-109.82129669999999,Roya Lineal,0.01,3/5/14,2014,3,5,Ciclo 2013-2014
12,27.20516586,-109.8308868,Roya Lineal,0.01,3/5/14,2014,3,5,Ciclo 2013-2014
13,27.23811913,-109.78388980000001,Roya Lineal,0.02,3/19/14,2014,3,19,Ciclo 2013-2014
14,27.24871063,-109.99439240000001,Roya Lineal,0.03,3/4/14,2014,3,4,Ciclo 2013-2014
15,27.25335693,-110.1326294,Roya Lineal,0.01,2/25/14,2014,2,25,Ciclo 2013-2014
16,27.23604012,-110.0158844,Roya Lineal,0.01,3/4/14,2014,3,4,Ciclo 2013-2014
17,27.29873085,-110.0553513,Roya Lineal,0.02,2/24/14,2014,2,24,Ciclo 2013-2014
18,27.21675682,-110.0630569,Roya Lineal,0.01,3/6/14,2014,3,6,Ciclo 2013-2014
19,27.46354866,-109.97883610000001,Roya Lineal,0.03,3/17/14,2014,3,17,Ciclo 2013-2014
20,27.42824173,-109.9811096,Roya Lineal,0.1,2/17/14,2014,2,17,Ciclo 2013-2014
21,27.42778778,-109.9577179,Roya Lineal,0.02,3/24/14,2014,3,24,Ciclo 2013-2014
22,27.35835648,-109.9731369,Roya Lineal,0.03,3/27/14,2014,3,27,Ciclo 2013-2014
23,27.37332535,-109.88813020000002,Roya Lineal,0.01,3/19/14,2014,3,19,Ciclo 2013-2014
24,27.29929733,-110.21150209999999,Roya Lineal,0.05,2/27/14,2014,2,27,Ciclo 2013-2014
25,27.40916824,-110.25253300000001,Roya Lineal,0.02,3/12/14,2014,3,12,Ciclo 2013-2014
26,27.04459763,-109.78614040000001,Roya Lineal,0.01,2/25/14,2014,2,25,Ciclo 2013-2014
27,27.05269814,-109.8864517,Roya Lineal,0.05,3/21/14,2014,3,21,Ciclo 2013-2014
28,27.14121056,-109.93304440000001,Roya Lineal,0.03,2/26/14,2014,2,26,Ciclo 2013-2014
29,27.07551575,-109.8689423,Roya Lineal,0.01,2/19/14,2014,2,19,Ciclo 2013-2014
30,27.09779739,-109.87179569999999,Roya Lineal,0.02,3/20/14,2014,3,20,Ciclo 2013-2014
31,27.39974785,-110.11633300000001,Roya Lineal,0.01,3/4/14,2014,3,4,Ciclo 2013-2014
32,27.31826401,-110.01552579999999,Roya Lineal,0.01,2/24/14,2014,2,24,Ciclo 2013-2014
33,27.31839752,-110.0704727,Roya Lineal,0.01,2/24/14,2014,2,24,Ciclo 2013-2014
34,27.39070702,-110.0953827,Roya Lineal,0.02,3/17/14,2014,3,17,Ciclo 2013-2014
35,27.39173508,-110.1996307,Roya Lineal,0.05,3/19/14,2014,3,19,Ciclo 2013-2014
36,27.318054200000002,-109.8913879,Roya Lineal,0.01,2/27/14,2014,2,27,Ciclo 2013-2014
37,27.34447861,-109.9121933,Roya Lineal,0.03,2/25/14,2014,2,25,Ciclo 2013-2014
38,27.28074074,-109.8772354,Roya Lineal,0.01,2/27/14,2014,2,27,Ciclo 2013-2014
39,27.24390602,-109.89202879999999,Roya Lineal,0.01,2/13/14,2014,2,13,Ciclo 2013-2014
40,27.31865883,-109.86097720000001,Roya Lineal,0.01,3/4/14,2014,3,4,Ciclo 2013-2014
41,27.31731224,-109.85189820000001,Roya Lineal,0.01,2/25/14,2014,2,25,Ciclo 2013-2014
42,27.25561142,-109.9283447,Roya Lineal,0.03,2/27/14,2014,2,27,Ciclo 2013-2014
43,27.23874092,-109.9326935,Roya Lineal,0.03,3/17/14,2014,3,17,Ciclo 2013-2014
44,27.34547043,-109.9740753,Roya Lineal,0.01,3/4/14,2014,3,4,Ciclo 2013-2014
45,27.33172798,-109.9326324,Roya Lineal,0.03,3/17/14,2014,3,17,Ciclo 2013-2014
46,27.34500694,-109.93083190000002,Roya Lineal,0.06,3/4/14,2014,3,4,Ciclo 2013-2014
47,27.33510208,-109.91317749999999,Roya Lineal,0.01,2/25/14,2014,2,25,Ciclo 2013-2014
48,27.33437157,-109.9118729,Roya Lineal,0.01,2/25/14,2014,2,25,Ciclo 2013-2014
49,27.29029083,-109.85288999999999,Roya Lineal,0.01,2/27/14,2014,2,27,Ciclo 2013-2014
50,27.21655464,-109.88282009999999,Roya Lineal,0.01,2/27/14,2014,2,27,Ciclo 2013-2014
51,26.83934021,-109.6525879,Roya Lineal,0.08,3/25/14,2014,3,25,Ciclo 2013-2014
52,27.46277046,-110.16121670000001,Roya Lineal,0.03,3/20/14,2014,3,20,Ciclo 2013-2014
53,27.41823006,-110.15502169999999,Roya Lineal,0.01,3/10/14,2014,3,10,Ciclo 2013-2014
54,27.45974922,-110.1207199,Roya Lineal,0.02,3/20/14,2014,3,20,Ciclo 2013-2014
55,27.42844582,-110.1165009,Roya Lineal,0.01,3/4/14,2014,3,4,Ciclo 2013-2014
56,27.41655922,-110.11509699999999,Roya Lineal,0.01,3/20/14,2014,3,20,Ciclo 2013-2014
57,27.42264748,-110.136734,Roya Lineal,0.01,3/10/14,2014,3,10,Ciclo 2013-2014
58,27.41007233,-110.091835,Roya Lineal,0.01,2/24/14,2014,2,24,Ciclo 2013-2014
59,27.50275993,-110.11251829999999,Roya Lineal,0.01,3/20/14,2014,3,20,Ciclo 2013-2014
60,27.44667816,-110.01400759999999,Roya Lineal,0.01,2/25/14,2014,2,25,Ciclo 2013-2014
61,27.46507835,-110.07022090000001,Roya Lineal,0.01,3/10/14,2014,3,10,Ciclo 2013-2014
62,27.54932785,-110.00524140000002,Roya Lineal,0.01,2/24/14,2014,2,24,Ciclo 2013-2014
63,27.54534912,-110.01127620000001,Roya Lineal,0.01,3/10/14,2014,3,10,Ciclo 2013-2014
64,27.44857979,-110.05966950000001,Roya Lineal,0.01,3/20/14,2014,3,20,Ciclo 2013-2014
65,27.49445343,-110.05519869999999,Roya Lineal,0.01,3/10/14,2014,3,10,Ciclo 2013-2014
66,26.93510437,-109.5913925,Roya Lineal,0.01,3/13/14,2014,3,13,Ciclo 2013-2014
67,26.94655991,-109.76078030000001,Roya Lineal,0.01,3/5/14,2014,3,5,Ciclo 2013-2014
68,26.91483116,-109.58095549999999,Roya Lineal,0.01,3/27/14,2014,3,27,Ciclo 2013-2014
69,27.31889725,-110.1792145,Roya Lineal,0.01,2/26/14,2014,2,26,Ciclo 2013-2014
70,27.30349922,-110.11792759999999,Roya Lineal,0.01,2/24/14,2014,2,24,Ciclo 2013-2014
71,27.29880524,-110.1587753,Roya Lineal,0.05,2/19/14,2014,2,19,Ciclo 2013-2014
72,27.28281212,-110.17936709999998,Roya Lineal,0.04,2/26/14,2014,2,26,Ciclo 2013-2014
73,27.48218536,-109.94558719999999,Roya Lineal,0.01,2/26/14,2014,2,26,Ciclo 2013-2014
74,27.39051056,-110.1776962,Roya Lineal,0.03,2/26/14,2014,2,26,Ciclo 2013-2014
75,27.37216377,-110.17945859999999,Roya Lineal,0.09,2/19/14,2014,2,19,Ciclo 2013-2014
76,27.38140297,-110.05490879999999,Roya Lineal,0.04,3/27/14,2014,3,27,Ciclo 2013-2014
77,27.35358047,-110.0489578,Roya Lineal,0.01,2/18/14,2014,2,18,Ciclo 2013-2014
78,27.31720161,-110.0369568,Roya Lineal,0.11,2/24/14,2014,2,24,Ciclo 2013-2014
79,27.31712532,-109.9847412,Roya Lineal,0.01,2/24/14,2014,2,24,Ciclo 2013-2014
80,27.3172226,-110.09191129999999,Roya Lineal,0.01,2/17/14,2014,2,17,Ciclo 2013-2014
81,27.40825272,-109.994339,Roya Lineal,0.01,2/18/14,2014,2,18,Ciclo 2013-2014
82,27.35516167,-110.11788940000001,Roya Lineal,0.03,3/3/14,2014,3,3,Ciclo 2013-2014
83,27.35366631,-110.09714509999999,Roya Lineal,0.01,2/25/14,2014,2,25,Ciclo 2013-2014
84,27.42078018,-110.0546875,Roya Lineal,0.01,3/3/14,2014,3,3,Ciclo 2013-2014
85,27.12570572,-109.67746729999999,Roya Lineal,0.01,3/3/14,2014,3,3,Ciclo 2013-2014
86,27.04484177,-109.70374299999999,Roya Lineal,0.11,2/24/14,2014,2,24,Ciclo 2013-2014
87,27.11715317,-109.82556149999999,Roya Lineal,0.01,2/24/14,2014,2,24,Ciclo 2013-2014
88,27.117057799999998,-109.83585359999998,Roya Lineal,0.01,3/3/14,2014,3,3,Ciclo 2013-2014
89,27.11224365,-109.8441544,Roya Lineal,0.18,2/25/14,2014,2,25,Ciclo 2013-2014
90,27.11675072,-109.6918182,Roya Lineal,0.01,3/3/14,2014,3,3,Ciclo 2013-2014
91,27.15481758,-109.91355130000001,Roya Lineal,0.03,2/26/14,2014,2,26,Ciclo 2013-2014
92,27.14523888,-109.8996277,Roya Lineal,0.05,2/26/14,2014,2,26,Ciclo 2013-2014
93,27.01887321,-109.78929140000001,Roya Lineal,0.05,3/4/14,2014,3,4,Ciclo 2013-2014
94,27.02685928,-109.76311489999999,Roya Lineal,0.23,2/25/14,2014,2,25,Ciclo 2013-2014
95,27.08796883,-109.9227142,Roya Lineal,0.01,4/9/14,2014,4,9,Ciclo 2013-2014
96,27.10916519,-109.933136,Roya Lineal,0.02,2/26/14,2014,2,26,Ciclo 2013-2014
97,27.05263329,-109.88691709999999,Roya Lineal,0.01,3/11/14,2014,3,11,Ciclo 2013-2014
98,27.00354576,-109.7232742,Roya Lineal,0.03,3/18/14,2014,3,18,Ciclo 2013-2014
99,26.98488426,-109.750679,Roya Lineal,0.01,2/25/14,2014,2,25,Ciclo 2013-2014
100,27.19041252,-109.8493118,Roya Lineal,0.09,2/27/14,2014,2,27,Ciclo 2013-2014
101,27.16207886,-109.8536987,Roya Lineal,0.03,2/27/14,2014,2,27,Ciclo 2013-2014
102,27.17182159,-109.7989578,Roya Lineal,0.04,2/26/14,2014,2,26,Ciclo 2013-2014
103,27.18240547,-109.7073364,Roya Lineal,0.03,2/19/14,2014,2,19,Ciclo 2013-2014
104,27.2374649,-109.73375700000001,Roya Lineal,0.01,2/26/14,2014,2,26,Ciclo 2013-2014
105,27.21319771,-109.8296432,Roya Lineal,0.04,2/11/14,2014,2,11,Ciclo 2013-2014
106,27.2269783,-109.93406680000001,Roya Lineal,0.02,2/25/14,2014,2,25,Ciclo 2013-2014
107,27.20864105,-109.9743881,Roya Lineal,0.01,2/17/14,2014,2,17,Ciclo 2013-2014
108,27.22007179,-109.99863429999999,Roya Lineal,0.04,2/25/14,2014,2,25,Ciclo 2013-2014
109,27.22689819,-109.97249599999999,Roya Lineal,0.06,2/25/14,2014,2,25,Ciclo 2013-2014
110,27.22756958,-109.9782791,Roya Lineal,0.03,2/25/14,2014,2,25,Ciclo 2013-2014
111,27.28040123,-110.07317350000001,Roya Lineal,0.02,3/5/14,2014,3,5,Ciclo 2013-2014
112,27.28630829,-110.0763092,Roya Lineal,0.01,3/5/14,2014,3,5,Ciclo 2013-2014
113,27.2156353,-110.075676,Roya Lineal,0.03,2/19/14,2014,2,19,Ciclo 2013-2014
114,27.2530098,-110.01563259999999,Roya Lineal,0.04,3/4/14,2014,3,4,Ciclo 2013-2014
115,27.2537365,-110.0899811,Roya Lineal,0.02,2/26/14,2014,2,26,Ciclo 2013-2014
116,27.21260452,-110.0353775,Roya Lineal,0.02,3/6/14,2014,3,6,Ciclo 2013-2014
117,27.19993973,-110.05191040000001,Roya Lineal,0.17,2/12/14,2014,2,12,Ciclo 2013-2014
118,27.22725487,-110.07621770000002,Roya Lineal,0.02,2/26/14,2014,2,26,Ciclo 2013-2014
119,27.28177452,-110.0701294,Roya Lineal,0.01,2/24/14,2014,2,24,Ciclo 2013-2014
120,27.318159100000003,-110.2345352,Roya Lineal,0.02,3/11/14,2014,3,11,Ciclo 2013-2014
121,27.28179169,-110.265831,Roya Lineal,0.01,3/11/14,2014,3,11,Ciclo 2013-2014
122,27.28105164,-110.27622990000002,Roya Lineal,0.01,3/11/14,2014,3,11,Ciclo 2013-2014
123,27.27165604,-110.28147890000001,Roya Lineal,0.01,3/11/14,2014,3,11,Ciclo 2013-2014
124,27.30379295,-110.216774,Roya Lineal,0.05,2/5/14,2014,2,5,Ciclo 2013-2014
125,27.28022385,-110.20793909999998,Roya Lineal,0.03,2/25/14,2014,2,25,Ciclo 2013-2014
126,27.44652748,-110.2376328,Roya Lineal,0.01,3/6/14,2014,3,6,Ciclo 2013-2014
127,27.31868172,-110.20566559999999,Roya Lineal,0.01,2/27/14,2014,2,27,Ciclo 2013-2014
128,27.37332916,-110.2909088,Roya Lineal,0.03,3/6/14,2014,3,6,Ciclo 2013-2014
129,26.9463501,-109.50019070000002,Roya Lineal,0.28,2/24/14,2014,2,24,Ciclo 2013-2014
130,26.93413162,-109.49881740000001,Roya Lineal,0.02,3/3/14,2014,3,3,Ciclo 2013-2014
131,27.01829147,-109.4777145,Roya Lineal,0.17,3/4/14,2014,3,4,Ciclo 2013-2014
132,26.98257256,-109.4775314,Roya Lineal,0.02,3/4/14,2014,3,4,Ciclo 2013-2014
133,27.00253105,-109.6691132,Roya Lineal,0.2,2/26/14,2014,2,26,Ciclo 2013-2014
134,26.98133278,-109.50546259999999,Roya Lineal,0.12,3/4/14,2014,3,4,Ciclo 2013-2014
135,27.00120163,-109.6913605,Roya Lineal,0.02,2/25/14,2014,2,25,Ciclo 2013-2014
136,26.98920059,-109.6748047,Roya Lineal,0.03,2/25/14,2014,2,25,Ciclo 2013-2014
137,27.05153465,-109.59249109999999,Roya Lineal,0.01,2/28/14,2014,2,28,Ciclo 2013-2014
138,27.04298592,-109.6048203,Roya Lineal,0.14,2/27/14,2014,2,27,Ciclo 2013-2014
139,27.06048203,-109.670845,Roya Lineal,0.11,2/26/14,2014,2,26,Ciclo 2013-2014
140,27.04561424,-109.649437,Roya Lineal,0.14,2/27/14,2014,2,27,Ciclo 2013-2014
141,27.63631058,-110.4309311,Roya Lineal,0.1,3/28/14,2014,3,28,Ciclo 2013-2014
142,27.64660835,-110.40861509999998,Roya Lineal,0.09,3/13/14,2014,3,13,Ciclo 2013-2014
143,27.637353899999997,-110.2984238,Roya Lineal,0.14,3/12/14,2014,3,12,Ciclo 2013-2014
144,27.64795685,-110.308136,Roya Lineal,0.1,4/2/14,2014,4,2,Ciclo 2013-2014
145,27.66081238,-110.32293700000001,Roya Lineal,0.05,3/12/14,2014,3,12,Ciclo 2013-2014
146,27.55720901,-110.11759950000001,Roya Lineal,0.5,3/21/14,2014,3,21,Ciclo 2013-2014
147,27.54750633,-110.1102905,Roya Lineal,0.06,3/15/14,2014,3,15,Ciclo 2013-2014
148,27.56839752,-110.0886993,Roya Lineal,0.08,3/21/14,2014,3,21,Ciclo 2013-2014
149,27.57033348,-110.11418909999998,Roya Lineal,0.1,3/21/14,2014,3,21,Ciclo 2013-2014
150,26.78440094,-109.6971741,Roya Lineal,0.01,3/5/14,2014,3,5,Ciclo 2013-2014
151,26.89413643,-109.62402340000001,Roya Lineal,0.01,2/24/14,2014,2,24,Ciclo 2013-2014
152,26.88301849,-109.65615079999999,Roya Lineal,0.01,3/11/14,2014,3,11,Ciclo 2013-2014
153,26.86600876,-109.6990433,Roya Lineal,0.05,3/3/14,2014,3,3,Ciclo 2013-2014
154,26.85846901,-109.6973343,Roya Lineal,0.02,3/11/14,2014,3,11,Ciclo 2013-2014
155,26.87040138,-109.7142105,Roya Lineal,0.4,3/11/14,2014,3,11,Ciclo 2013-2014
156,26.87572861,-109.73925020000001,Roya Lineal,0.02,3/4/14,2014,3,4,Ciclo 2013-2014
157,26.84332848,-109.71575929999999,Roya Lineal,0.01,2/25/14,2014,2,25,Ciclo 2013-2014
158,26.82812691,-109.7146301,Roya Lineal,0.01,3/4/14,2014,3,4,Ciclo 2013-2014
159,26.79918671,-109.72817990000001,Roya Lineal,0.01,2/26/14,2014,2,26,Ciclo 2013-2014
160,26.80641174,-109.715744,Roya Lineal,0.01,3/4/14,2014,3,4,Ciclo 2013-2014
161,26.78112602,-109.693634,Roya Lineal,0.01,3/13/14,2014,3,13,Ciclo 2013-2014
162,26.80204964,-109.7394791,Roya Lineal,0.01,3/19/14,2014,3,19,Ciclo 2013-2014
163,26.84972572,-109.7433014,Roya Lineal,0.04,3/17/14,2014,3,17,Ciclo 2013-2014
164,26.41504478,-109.0319138,Roya Lineal,0.01,4/11/14,2014,4,11,Ciclo 2013-2014
165,26.85216331,-109.7454834,Roya Lineal,0.01,2/25/14,2014,2,25,Ciclo 2013-2014
166,26.4140358,-109.0336075,Roya Lineal,0.02,4/2/14,2014,4,2,Ciclo 2013-2014
167,26.79869461,-109.74974820000001,Roya Lineal,0.05,3/19/14,2014,3,19,Ciclo 2013-2014
168,26.78266144,-109.65071110000001,Roya Lineal,0.02,3/27/14,2014,3,27,Ciclo 2013-2014
169,26.46178818,-109.0615005,Roya Lineal,0.03,3/6/14,2014,3,6,Ciclo 2013-2014
170,27.71055984,-109.9258957,Roya Lineal,0.1,3/22/14,2014,3,22,Ciclo 2013-2014
171,27.6066761,-110.01684569999999,Roya Lineal,0.1,3/7/14,2014,3,7,Ciclo 2013-2014
172,27.57733727,-110.0711517,Roya Lineal,0.11,3/21/14,2014,3,21,Ciclo 2013-2014
173,27.58787537,-110.0396729,Roya Lineal,0.01,3/12/14,2014,3,12,Ciclo 2013-2014
174,26.43491936,-109.0414581,Roya Lineal,0.02,3/5/14,2014,3,5,Ciclo 2013-2014
175,27.69350052,-109.91275790000002,Roya Lineal,0.04,3/14/14,2014,3,14,Ciclo 2013-2014
176,27.40854073,-109.8846054,Roya Lineal,0.04,3/19/14,2014,3,19,Ciclo 2013-2014
177,27.39126015,-109.91304779999999,Roya Lineal,0.02,4/2/14,2014,4,2,Ciclo 2013-2014
178,27.400722499999997,-109.8922043,Roya Lineal,0.03,3/12/14,2014,3,12,Ciclo 2013-2014
179,27.37692642,-109.91259769999999,Roya Lineal,0.04,3/19/14,2014,3,19,Ciclo 2013-2014
180,27.37351036,-109.97345729999999,Roya Lineal,0.03,3/26/14,2014,3,26,Ciclo 2013-2014
181,27.3862648,-109.91259769999999,Roya Lineal,0.08,2/26/14,2014,2,26,Ciclo 2013-2014
182,27.41002846,-109.94001010000001,Roya Lineal,0.05,3/4/14,2014,3,4,Ciclo 2013-2014
183,27.41836929,-109.9274368,Roya Lineal,0.02,3/18/14,2014,3,18,Ciclo 2013-2014
184,27.42879486,-109.9216614,Roya Lineal,0.02,3/25/14,2014,3,25,Ciclo 2013-2014
185,27.50683403,-109.89314270000001,Roya Lineal,0.11,3/7/14,2014,3,7,Ciclo 2013-2014
186,27.47478867,-109.99398799999999,Roya Lineal,0.02,3/31/14,2014,3,31,Ciclo 2013-2014
187,27.42680168,-109.94213870000002,Roya Lineal,0.01,3/25/14,2014,3,25,Ciclo 2013-2014
188,27.47144318,-110.01325990000002,Roya Lineal,0.02,3/31/14,2014,3,31,Ciclo 2013-2014
189,27.35769463,-109.83038329999998,Roya Lineal,0.02,4/3/14,2014,4,3,Ciclo 2013-2014
190,27.64051819,-110.3684769,Roya Lineal,0.05,3/7/14,2014,3,7,Ciclo 2013-2014
191,27.62930679,-110.2867508,Roya Lineal,0.1,4/2/14,2014,4,2,Ciclo 2013-2014
192,27.60495377,-110.3118896,Roya Lineal,0.15,3/18/14,2014,3,18,Ciclo 2013-2014
193,27.14391136,-109.79598999999999,Roya Lineal,0.05,3/19/14,2014,3,19,Ciclo 2013-2014
194,27.17173767,-109.83296969999999,Roya Lineal,0.01,3/5/14,2014,3,5,Ciclo 2013-2014
195,27.15846825,-109.83009340000001,Roya Lineal,0.01,2/27/14,2014,2,27,Ciclo 2013-2014
196,27.13083649,-109.76872250000001,Roya Lineal,0.03,3/19/14,2014,3,19,Ciclo 2013-2014
197,27.19070625,-109.69145970000001,Roya Lineal,0.01,4/1/14,2014,4,1,Ciclo 2013-2014
198,27.19143486,-109.708046,Roya Lineal,0.01,3/6/14,2014,3,6,Ciclo 2013-2014
199,27.21166039,-109.70529170000002,Roya Lineal,0.01,3/6/14,2014,3,6,Ciclo 2013-2014
200,27.23010063,-109.7664871,Roya Lineal,0.01,2/26/14,2014,2,26,Ciclo 2013-2014
201,26.53888512,-109.142395,Roya Lineal,0.02,3/14/14,2014,3,14,Ciclo 2013-2014
202,26.53097534,-109.16872409999999,Roya Lineal,0.02,3/14/14,2014,3,14,Ciclo 2013-2014
203,26.47196579,-109.1913223,Roya Lineal,0.01,3/6/14,2014,3,6,Ciclo 2013-2014
204,26.47442818,-109.18787379999999,Roya Lineal,0.02,3/6/14,2014,3,6,Ciclo 2013-2014
205,26.48330307,-109.1890564,Roya Lineal,0.02,2/19/14,2014,2,19,Ciclo 2013-2014
206,26.47821999,-109.1691666,Roya Lineal,0.01,3/7/14,2014,3,7,Ciclo 2013-2014
207,26.52737045,-109.16841129999999,Roya Lineal,0.01,2/13/14,2014,2,13,Ciclo 2013-2014
208,26.528162,-109.17362209999999,Roya Lineal,0.01,3/5/14,2014,3,5,Ciclo 2013-2014
209,26.53013992,-109.15641780000001,Roya Lineal,0.01,4/10/14,2014,4,10,Ciclo 2013-2014
210,26.52643394,-109.15626529999999,Roya Lineal,0.01,3/14/14,2014,3,14,Ciclo 2013-2014
211,26.49977303,-109.17478940000001,Roya Lineal,0.02,3/13/14,2014,3,13,Ciclo 2013-2014
212,27.58896637,-110.0767822,Roya Lineal,0.01,3/14/14,2014,3,14,Ciclo 2013-2014
213,26.49895859,-109.1694489,Roya Lineal,0.01,3/5/14,2014,3,5,Ciclo 2013-2014
214,27.47861099,-110.3268585,Roya Lineal,0.05,3/14/14,2014,3,14,Ciclo 2013-2014
215,26.97138405,-109.7162018,Roya Lineal,0.07,2/25/14,2014,2,25,Ciclo 2013-2014
216,26.98027992,-109.70574189999999,Roya Lineal,0.02,2/25/14,2014,2,25,Ciclo 2013-2014
217,26.98196602,-109.69716640000001,Roya Lineal,0.02,2/25/14,2014,2,25,Ciclo 2013-2014
218,26.98824883,-109.61622620000001,Roya Lineal,0.09,2/21/14,2014,2,21,Ciclo 2013-2014
219,26.85145378,-109.7165756,Roya Lineal,0.01,2/18/14,2014,2,18,Ciclo 2013-2014
220,26.7831955,-109.70213319999999,Roya Lineal,0.05,3/5/14,2014,3,5,Ciclo 2013-2014
221,26.79257011,-109.69704440000001,Roya Lineal,0.04,3/5/14,2014,3,5,Ciclo 2013-2014
222,26.79855919,-109.76933290000001,Roya Lineal,0.02,3/13/14,2014,3,13,Ciclo 2013-2014
223,26.78960228,-109.7695389,Roya Lineal,0.01,2/26/14,2014,2,26,Ciclo 2013-2014
224,26.78623962,-109.7677765,Roya Lineal,0.01,3/5/14,2014,3,5,Ciclo 2013-2014
225,26.79747009,-109.68067930000001,Roya Lineal,0.01,3/6/14,2014,3,6,Ciclo 2013-2014
226,26.79915047,-109.66043090000001,Roya Lineal,0.01,2/13/14,2014,2,13,Ciclo 2013-2014
227,26.78279305,-109.66426090000002,Roya Lineal,0.01,2/13/14,2014,2,13,Ciclo 2013-2014
228,26.76155853,-109.6472855,Roya Lineal,0.01,2/13/14,2014,2,13,Ciclo 2013-2014
229,26.74942398,-109.66557309999999,Roya Lineal,0.05,3/13/14,2014,3,13,Ciclo 2013-2014
230,26.76174355,-109.5973358,Roya Lineal,0.01,2/7/14,2014,2,7,Ciclo 2013-2014
231,26.76277351,-109.6372223,Roya Lineal,0.02,2/28/14,2014,2,28,Ciclo 2013-2014
232,26.81771278,-109.6227646,Roya Lineal,0.06,3/7/14,2014,3,7,Ciclo 2013-2014
233,26.53690147,-109.14502720000002,Roya Lineal,0.01,3/14/14,2014,3,14,Ciclo 2013-2014
234,26.53936577,-109.16555020000001,Roya Lineal,0.03,3/14/14,2014,3,14,Ciclo 2013-2014
235,26.5024147,-109.17209629999999,Roya Lineal,0.01,3/13/14,2014,3,13,Ciclo 2013-2014
236,26.51846886,-109.1779022,Roya Lineal,0.01,3/5/14,2014,3,5,Ciclo 2013-2014
237,26.49506378,-109.17710109999999,Roya Lineal,0.01,3/6/14,2014,3,6,Ciclo 2013-2014
238,26.46106911,-109.1486435,Roya Lineal,0.01,3/7/14,2014,3,7,Ciclo 2013-2014
239,26.45351028,-109.1419678,Roya Lineal,0.01,3/7/14,2014,3,7,Ciclo 2013-2014
240,26.45170975,-109.1468277,Roya Lineal,0.01,2/21/14,2014,2,21,Ciclo 2013-2014
241,26.48400497,-109.12541200000001,Roya Lineal,0.04,3/13/14,2014,3,13,Ciclo 2013-2014
242,26.44041443,-109.1602249,Roya Lineal,0.01,3/20/14,2014,3,20,Ciclo 2013-2014
243,26.82449913,-109.61962890000001,Roya Lineal,0.05,3/7/14,2014,3,7,Ciclo 2013-2014
244,26.46215439,-109.1493149,Roya Lineal,0.01,3/13/14,2014,3,13,Ciclo 2013-2014
245,26.44279671,-109.2029419,Roya Lineal,0.01,3/13/14,2014,3,13,Ciclo 2013-2014
246,27.59178734,-110.2155304,Roya Lineal,0.01,3/15/14,2014,3,15,Ciclo 2013-2014
247,27.62611961,-110.29324340000001,Roya Lineal,0.07,3/7/14,2014,3,7,Ciclo 2013-2014
248,27.69950104,-110.46094509999999,Roya Lineal,0.05,3/13/14,2014,3,13,Ciclo 2013-2014
249,27.71372223,-110.4607315,Roya Lineal,0.02,3/13/14,2014,3,13,Ciclo 2013-2014
250,26.85957146,-109.490509,Roya Lineal,0.08,3/20/14,2014,3,20,Ciclo 2013-2014
251,27.039192200000002,-109.41662600000001,Roya Lineal,0.1,3/18/14,2014,3,18,Ciclo 2013-2014
252,27.00410461,-109.47360230000001,Roya Lineal,0.03,3/7/14,2014,3,7,Ciclo 2013-2014
253,26.96973228,-109.41703030000001,Roya Lineal,0.05,2/28/14,2014,2,28,Ciclo 2013-2014
254,26.9605751,-109.45434569999999,Roya Lineal,0.02,3/22/14,2014,3,22,Ciclo 2013-2014
255,27.04072571,-109.44998170000001,Roya Lineal,0.06,2/28/14,2014,2,28,Ciclo 2013-2014
256,27.03219795,-109.420929,Roya Lineal,0.01,3/18/14,2014,3,18,Ciclo 2013-2014
257,26.99411011,-109.49722290000001,Roya Lineal,0.03,2/25/14,2014,2,25,Ciclo 2013-2014
258,26.86452675,-109.4977646,Roya Lineal,0.05,4/1/14,2014,4,1,Ciclo 2013-2014
259,26.88721657,-109.46633909999998,Roya Lineal,0.01,3/6/14,2014,3,6,Ciclo 2013-2014
260,27.04867363,-109.4953003,Roya Lineal,0.07,4/2/14,2014,4,2,Ciclo 2013-2014
261,27.21356964,-109.3317108,Roya Lineal,0.02,3/25/14,2014,3,25,Ciclo 2013-2014
262,27.08998489,-109.5537872,Roya Lineal,0.01,2/18/14,2014,2,18,Ciclo 2013-2014
263,26.82610512,-109.4622269,Roya Lineal,0.01,3/25/14,2014,3,25,Ciclo 2013-2014
264,26.93588257,-109.5953064,Roya Lineal,0.01,3/13/14,2014,3,13,Ciclo 2013-2014
265,26.93475914,-109.58128359999999,Roya Lineal,0.01,3/27/14,2014,3,27,Ciclo 2013-2014
266,26.974407199999998,-109.75059509999998,Roya Lineal,0.04,2/25/14,2014,2,25,Ciclo 2013-2014
267,26.9887619,-109.74025729999998,Roya Lineal,0.19,2/25/14,2014,2,25,Ciclo 2013-2014
268,27.01099205,-109.6867676,Roya Lineal,0.16,2/26/14,2014,2,26,Ciclo 2013-2014
269,27.04741096,-109.6666946,Roya Lineal,0.22,2/26/14,2014,2,26,Ciclo 2013-2014
270,27.05322838,-109.62427520000001,Roya Lineal,0.02,3/6/14,2014,3,6,Ciclo 2013-2014
271,26.96623802,-109.6611176,Roya Lineal,0.05,3/3/14,2014,3,3,Ciclo 2013-2014
272,26.55036545,-109.15107730000001,Roya Lineal,0.02,3/12/14,2014,3,12,Ciclo 2013-2014
273,27.05062866,-109.52423859999999,Roya Lineal,0.02,3/24/14,2014,3,24,Ciclo 2013-2014
274,26.97259331,-109.4213181,Roya Lineal,0.02,3/15/14,2014,3,15,Ciclo 2013-2014
275,27.12526131,-109.42697140000001,Roya Lineal,0.05,3/25/14,2014,3,25,Ciclo 2013-2014
276,27.09277153,-109.50787350000002,Roya Lineal,0.01,3/4/14,2014,3,4,Ciclo 2013-2014
277,27.07565308,-109.5508652,Roya Lineal,0.1,3/28/14,2014,3,28,Ciclo 2013-2014
278,27.05633926,-109.5713348,Roya Lineal,0.06,3/26/14,2014,3,26,Ciclo 2013-2014
279,27.02100372,-109.5567398,Roya Lineal,0.01,3/4/14,2014,3,4,Ciclo 2013-2014
280,27.03240967,-109.53128810000001,Roya Lineal,0.01,3/24/14,2014,3,24,Ciclo 2013-2014
281,27.05758476,-109.51553340000001,Roya Lineal,0.03,3/24/14,2014,3,24,Ciclo 2013-2014
282,27.04201698,-109.54829409999999,Roya Lineal,0.02,3/24/14,2014,3,24,Ciclo 2013-2014
283,27.09022903,-109.46687320000001,Roya Lineal,0.04,3/26/14,2014,3,26,Ciclo 2013-2014
284,27.15660667,-109.38190459999998,Roya Lineal,0.02,3/25/14,2014,3,25,Ciclo 2013-2014
285,27.03720093,-109.4829865,Roya Lineal,0.03,4/2/14,2014,4,2,Ciclo 2013-2014
286,27.04935455,-109.4776993,Roya Lineal,0.13,4/2/14,2014,4,2,Ciclo 2013-2014
287,27.15304756,-109.39739229999999,Roya Lineal,0.05,3/25/14,2014,3,25,Ciclo 2013-2014
288,27.20668983,-109.3512115,Roya Lineal,0.1,4/1/14,2014,4,1,Ciclo 2013-2014
289,27.56655502,-110.14553070000001,Roya Lineal,0.06,3/20/14,2014,3,20,Ciclo 2013-2014
290,26.85119247,-109.76095579999999,Roya Lineal,0.04,2/18/14,2014,2,18,Ciclo 2013-2014
291,26.904537199999996,-109.5199585,Roya Lineal,0.04,3/20/14,2014,3,20,Ciclo 2013-2014
292,26.84973526,-109.5010986,Roya Lineal,0.16,3/26/14,2014,3,26,Ciclo 2013-2014
293,27.00761604,-109.66426090000002,Roya Lineal,0.01,2/26/14,2014,2,26,Ciclo 2013-2014
294,27.0030365,-109.6568604,Roya Lineal,0.1,2/26/14,2014,2,26,Ciclo 2013-2014
295,27.04457092,-109.6347733,Roya Lineal,0.02,2/27/14,2014,2,27,Ciclo 2013-2014
296,27.06051636,-109.63925929999999,Roya Lineal,0.03,2/27/14,2014,2,27,Ciclo 2013-2014
297,27.03878593,-109.6505432,Roya Lineal,0.08,2/26/14,2014,2,26,Ciclo 2013-2014
298,27.61259651,-110.41494750000001,Roya Lineal,0.2,3/27/14,2014,3,27,Ciclo 2013-2014
299,27.60073662,-110.4190369,Roya Lineal,0.1,3/14/14,2014,3,14,Ciclo 2013-2014
300,27.61268806,-110.4205551,Roya Lineal,0.02,3/18/14,2014,3,18,Ciclo 2013-2014
301,27.591259,-110.12065890000001,Roya Lineal,0.05,4/5/14,2014,4,5,Ciclo 2013-2014
302,27.57610321,-110.1361237,Roya Lineal,0.1,3/28/14,2014,3,28,Ciclo 2013-2014
303,27.60779953,-110.20139309999999,Roya Lineal,0.02,3/8/14,2014,3,8,Ciclo 2013-2014
304,27.58878136,-110.17755890000001,Roya Lineal,0.02,3/20/14,2014,3,20,Ciclo 2013-2014
305,28.36124229,-110.57271580000001,Roya Lineal,0.02,3/21/14,2014,3,21,Ciclo 2013-2014
306,28.36420822,-110.5604935,Roya Lineal,0.05,3/14/14,2014,3,14,Ciclo 2013-2014
307,28.36119461,-110.5366364,Roya Lineal,0.01,3/14/14,2014,3,14,Ciclo 2013-2014
308,28.35143852,-110.5563965,Roya Lineal,0.03,3/14/14,2014,3,14,Ciclo 2013-2014
309,28.37295532,-110.5136261,Roya Lineal,0.04,3/28/14,2014,3,28,Ciclo 2013-2014
310,28.37525558,-110.49679569999999,Roya Lineal,0.01,3/28/14,2014,3,28,Ciclo 2013-2014
311,28.37413979,-110.4750443,Roya Lineal,0.02,3/28/14,2014,3,28,Ciclo 2013-2014
312,28.35227013,-110.5546341,Roya Lineal,0.01,3/14/14,2014,3,14,Ciclo 2013-2014
313,27.63761711,-110.3055496,Roya Lineal,0.05,3/10/14,2014,3,10,Ciclo 2013-2014
314,26.38717842,-109.0914078,Roya de la Hoja,0.02,3/5/14,2014,3,5,Ciclo 2013-2014
315,27.18065643,-109.7975311,Roya de la Hoja,0.08,3/26/14,2014,3,26,Ciclo 2013-2014
316,27.636083600000003,-110.43228149999999,Roya de la Hoja,0.1,4/3/14,2014,4,3,Ciclo 2013-2014
317,26.34958267,-109.11844640000001,Roya de la Hoja,0.04,2/26/14,2014,2,26,Ciclo 2013-2014
318,26.41752052,-109.00172420000001,Roya de la Hoja,0.02,2/26/14,2014,2,26,Ciclo 2013-2014
319,26.8704567,-109.71456909999999,Roya de la Hoja,0.03,2/4/14,2014,2,4,Ciclo 2013-2014
320,26.39683533,-109.06779479999999,Roya de la Hoja,0.01,4/11/14,2014,4,11,Ciclo 2013-2014
321,26.41547775,-109.0310135,Roya de la Hoja,0.04,2/26/14,2014,2,26,Ciclo 2013-2014
322,26.47850609,-109.0367737,Roya de la Hoja,0.01,4/17/14,2014,4,17,Ciclo 2013-2014
323,26.47437668,-109.0706253,Roya de la Hoja,0.01,4/11/14,2014,4,11,Ciclo 2013-2014
324,26.41517067,-109.0321426,Roya de la Hoja,0.02,2/26/14,2014,2,26,Ciclo 2013-2014
325,26.42775345,-109.0193405,Roya de la Hoja,0.03,4/11/14,2014,4,11,Ciclo 2013-2014
326,26.42884636,-109.0562668,Roya de la Hoja,0.03,3/19/14,2014,3,19,Ciclo 2013-2014
327,26.40847015,-109.0587311,Roya de la Hoja,0.02,3/27/14,2014,3,27,Ciclo 2013-2014
328,26.42868042,-109.0563889,Roya de la Hoja,0.01,4/11/14,2014,4,11,Ciclo 2013-2014
329,26.36164474,-109.12248989999999,Roya de la Hoja,0.03,2/26/14,2014,2,26,Ciclo 2013-2014
330,26.46148682,-109.0616608,Roya de la Hoja,0.02,2/18/14,2014,2,18,Ciclo 2013-2014
331,26.4343586,-109.04549409999998,Roya de la Hoja,0.01,4/17/14,2014,4,17,Ciclo 2013-2014
332,26.43714714,-109.0588531,Roya de la Hoja,0.01,4/11/14,2014,4,11,Ciclo 2013-2014
333,26.36689758,-109.07839969999999,Roya de la Hoja,0.04,2/26/14,2014,2,26,Ciclo 2013-2014
334,26.40817833,-109.04387659999998,Roya de la Hoja,0.01,4/11/14,2014,4,11,Ciclo 2013-2014
335,26.41074181,-109.0418472,Roya de la Hoja,0.01,4/11/14,2014,4,11,Ciclo 2013-2014
336,26.40048599,-109.0672379,Roya de la Hoja,0.01,4/11/14,2014,4,11,Ciclo 2013-2014
337,26.39678192,-109.082901,Roya de la Hoja,0.02,2/26/14,2014,2,26,Ciclo 2013-2014
338,26.40859413,-109.0227203,Roya de la Hoja,0.02,3/5/14,2014,3,5,Ciclo 2013-2014
339,26.41773605,-109.0276031,Roya de la Hoja,0.03,2/26/14,2014,2,26,Ciclo 2013-2014
340,26.43475723,-109.0413132,Roya de la Hoja,0.04,2/26/14,2014,2,26,Ciclo 2013-2014
341,26.42395401,-109.0706787,Roya de la Hoja,0.03,2/14/14,2014,2,14,Ciclo 2013-2014
342,26.41116333,-109.0415878,Roya de la Hoja,0.01,4/11/14,2014,4,11,Ciclo 2013-2014
343,27.60287285,-110.312233,Roya de la Hoja,0.05,4/3/14,2014,4,3,Ciclo 2013-2014
344,26.55400467,-109.1266327,Roya de la Hoja,0.01,2/12/14,2014,2,12,Ciclo 2013-2014
345,26.53805923,-109.142067,Roya de la Hoja,0.01,3/7/14,2014,3,7,Ciclo 2013-2014
346,26.53053093,-109.1671906,Roya de la Hoja,0.01,2/21/14,2014,2,21,Ciclo 2013-2014
347,26.52178001,-109.17648319999999,Roya de la Hoja,0.01,2/21/14,2014,2,21,Ciclo 2013-2014
348,26.47196579,-109.1913223,Roya de la Hoja,0.03,3/6/14,2014,3,6,Ciclo 2013-2014
349,26.47442818,-109.18787379999999,Roya de la Hoja,0.01,3/6/14,2014,3,6,Ciclo 2013-2014
350,26.48376083,-109.18866729999999,Roya de la Hoja,0.03,3/13/14,2014,3,13,Ciclo 2013-2014
351,26.47965622,-109.1661682,Roya de la Hoja,0.02,3/13/14,2014,3,13,Ciclo 2013-2014
352,26.528162,-109.17362209999999,Roya de la Hoja,0.01,3/5/14,2014,3,5,Ciclo 2013-2014
353,26.530496600000003,-109.15602109999999,Roya de la Hoja,0.01,3/14/14,2014,3,14,Ciclo 2013-2014
354,26.52482986,-109.15512079999999,Roya de la Hoja,0.01,3/6/14,2014,3,6,Ciclo 2013-2014
355,26.49553871,-109.17668909999998,Roya de la Hoja,0.01,3/6/14,2014,3,6,Ciclo 2013-2014
356,26.50193787,-109.17256929999999,Roya de la Hoja,0.01,3/20/14,2014,3,20,Ciclo 2013-2014
357,26.53709984,-109.14372250000001,Roya de la Hoja,0.02,2/21/14,2014,2,21,Ciclo 2013-2014
358,26.5401535,-109.1635666,Roya de la Hoja,0.03,3/20/14,2014,3,20,Ciclo 2013-2014
359,26.50242043,-109.17199709999998,Roya de la Hoja,0.03,3/20/14,2014,3,20,Ciclo 2013-2014
360,26.51724052,-109.1783524,Roya de la Hoja,0.01,2/21/14,2014,2,21,Ciclo 2013-2014
361,26.49571037,-109.1804504,Roya de la Hoja,0.01,3/13/14,2014,3,13,Ciclo 2013-2014
362,26.49506378,-109.17710109999999,Roya de la Hoja,0.01,3/6/14,2014,3,6,Ciclo 2013-2014
363,26.46106911,-109.1486435,Roya de la Hoja,0.01,2/21/14,2014,2,21,Ciclo 2013-2014
364,26.45107079,-109.1438828,Roya de la Hoja,0.01,2/5/14,2014,2,5,Ciclo 2013-2014
365,26.48400497,-109.12541200000001,Roya de la Hoja,0.05,3/13/14,2014,3,13,Ciclo 2013-2014
366,26.48899078,-109.12619779999999,Roya de la Hoja,0.02,3/13/14,2014,3,13,Ciclo 2013-2014
367,26.46430969,-109.149437,Roya de la Hoja,0.02,3/7/14,2014,3,7,Ciclo 2013-2014
368,26.44279671,-109.2029419,Roya de la Hoja,0.07,3/13/14,2014,3,13,Ciclo 2013-2014
369,26.51843262,-109.18073270000001,Roya de la Hoja,0.02,2/7/14,2014,2,7,Ciclo 2013-2014
370,26.55063438,-109.1511459,Roya de la Hoja,0.06,3/20/14,2014,3,20,Ciclo 2013-2014
371,26.53774261,-109.12467190000001,Roya de la Hoja,0.02,1/29/14,2014,1,29,Ciclo 2013-2014
372,26.86581802,-109.69853970000001,Roya Lineal,0.1,1/27/15,2015,1,27,Ciclo 2014-2015
373,26.87615395,-109.74151609999998,Roya Lineal,0.1,2/17/15,2015,2,17,Ciclo 2014-2015
374,26.85888863,-109.7449341,Roya Lineal,0.1,1/27/15,2015,1,27,Ciclo 2014-2015
375,27.14868546,-109.95538329999998,Roya Lineal,0.01,2/23/15,2015,2,23,Ciclo 2014-2015
376,27.22365761,-109.85124209999998,Roya Lineal,0.01,2/5/15,2015,2,5,Ciclo 2014-2015
377,26.98324585,-109.60932920000002,Roya Lineal,0.2,2/18/15,2015,2,18,Ciclo 2014-2015
378,28.37364769,-110.49916840000002,Roya Lineal,0.01,3/4/15,2015,3,4,Ciclo 2014-2015
379,28.35751724,-110.5413818,Roya Lineal,0.01,3/18/15,2015,3,18,Ciclo 2014-2015
380,27.20976067,-109.35180659999999,Roya Lineal,0.01,2/9/15,2015,2,9,Ciclo 2014-2015
381,27.20681763,-109.34520719999999,Roya Lineal,0.01,2/16/15,2015,2,16,Ciclo 2014-2015
382,26.55402565,-109.1340027,Roya Lineal,0.01,3/14/15,2015,3,14,Ciclo 2014-2015
383,26.53747559,-109.147438,Roya Lineal,0.01,3/12/15,2015,3,12,Ciclo 2014-2015
384,26.49894333,-109.195549,Roya Lineal,0.03,3/14/15,2015,3,14,Ciclo 2014-2015
385,26.48451424,-109.16193390000001,Roya Lineal,0.01,3/7/15,2015,3,7,Ciclo 2014-2015
386,27.06473351,-109.62513729999999,Roya Lineal,0.1,2/19/15,2015,2,19,Ciclo 2014-2015
387,26.53697777,-109.12832639999999,Roya Lineal,0.03,2/17/15,2015,2,17,Ciclo 2014-2015
388,26.48956299,-109.0811539,Roya Lineal,0.02,3/20/15,2015,3,20,Ciclo 2014-2015
389,26.5008831,-109.079895,Roya Lineal,0.02,2/12/15,2015,2,12,Ciclo 2014-2015
390,26.49079704,-109.09568020000002,Roya Lineal,0.04,3/4/15,2015,3,4,Ciclo 2014-2015
391,26.41503334,-109.03208159999998,Roya Lineal,0.02,2/12/15,2015,2,12,Ciclo 2014-2015
392,26.49615097,-109.18013,Roya Lineal,0.03,2/26/15,2015,2,26,Ciclo 2014-2015
393,27.03207779,-109.52021029999999,Roya Lineal,0.01,2/11/15,2015,2,11,Ciclo 2014-2015
394,26.52502823,-109.1728745,Roya Lineal,0.01,3/7/15,2015,3,7,Ciclo 2014-2015
395,26.49293137,-109.1497269,Roya Lineal,0.01,3/7/15,2015,3,7,Ciclo 2014-2015
396,26.47566223,-109.1862106,Roya Lineal,0.02,2/26/15,2015,2,26,Ciclo 2014-2015
397,27.20913124,-109.9748001,Roya Lineal,0.01,2/4/15,2015,2,4,Ciclo 2014-2015
398,26.43326759,-109.17935940000001,Roya Lineal,0.02,3/5/15,2015,3,5,Ciclo 2014-2015
399,26.44858742,-109.14742279999999,Roya Lineal,0.02,2/11/15,2015,2,11,Ciclo 2014-2015
400,26.45031738,-109.1488037,Roya Lineal,0.02,2/11/15,2015,2,11,Ciclo 2014-2015
401,26.43496895,-109.0414429,Roya Lineal,0.01,3/5/15,2015,3,5,Ciclo 2014-2015
402,26.39709282,-109.0824051,Roya Lineal,0.03,3/5/15,2015,3,5,Ciclo 2014-2015
403,26.41755104,-109.02820590000002,Roya Lineal,0.01,3/5/15,2015,3,5,Ciclo 2014-2015
404,26.87871742,-109.53676609999998,Roya Lineal,0.01,2/12/15,2015,2,12,Ciclo 2014-2015
405,27.20274353,-110.04791259999999,Roya Lineal,0.01,3/19/15,2015,3,19,Ciclo 2014-2015
406,27.04455376,-109.7073898,Roya Lineal,0.02,3/10/15,2015,3,10,Ciclo 2014-2015
407,27.02639961,-109.7609482,Roya Lineal,0.02,2/23/15,2015,2,23,Ciclo 2014-2015
408,27.50391197,-109.89918519999999,Roya Lineal,0.08,3/19/15,2015,3,19,Ciclo 2014-2015
409,27.19719124,-109.70911409999998,Roya Lineal,0.05,1/30/15,2015,1,30,Ciclo 2014-2015
410,27.2586174,-110.0326996,Roya Lineal,0.01,2/26/15,2015,2,26,Ciclo 2014-2015
411,27.26340675,-109.99713899999999,Roya Lineal,0.07,1/29/15,2015,1,29,Ciclo 2014-2015
412,27.11698532,-109.73125459999999,Roya Lineal,0.01,2/4/15,2015,2,4,Ciclo 2014-2015
413,26.74951553,-109.6626358,Roya Lineal,0.1,2/12/15,2015,2,12,Ciclo 2014-2015
414,26.53299904,-109.1501465,Roya Lineal,0.03,3/26/15,2015,3,26,Ciclo 2014-2015
415,26.50845528,-109.18986509999998,Roya Lineal,0.01,3/21/15,2015,3,21,Ciclo 2014-2015
416,26.49600601,-109.1758957,Roya Lineal,0.01,3/14/15,2015,3,14,Ciclo 2014-2015
417,27.55516434,-110.10636140000001,Roya Lineal,0.04,3/17/15,2015,3,17,Ciclo 2014-2015
418,27.56521416,-110.0582352,Roya Lineal,0.04,2/13/15,2015,2,13,Ciclo 2014-2015
419,27.57295036,-110.0957794,Roya Lineal,0.1,2/12/15,2015,2,12,Ciclo 2014-2015
420,32.389328000000006,-114.93994140000001,Roya Lineal,0.02,3/20/15,2015,3,20,Ciclo 2014-2015
421,32.43275452,-114.891304,Roya Lineal,0.03,3/20/15,2015,3,20,Ciclo 2014-2015
422,32.32684708,-114.95148470000001,Roya Lineal,0.08,3/11/15,2015,3,11,Ciclo 2014-2015
423,26.95853233,-109.7577896,Roya Lineal,0.02,1/23/15,2015,1,23,Ciclo 2014-2015
424,27.25269699,-110.1348038,Roya de la Hoja,0.25,2/24/15,2015,2,24,Ciclo 2014-2015
425,27.31584549,-110.2620926,Roya de la Hoja,0.1,2/18/15,2015,2,18,Ciclo 2014-2015
426,26.55402565,-109.1340027,Roya de la Hoja,0.01,3/14/15,2015,3,14,Ciclo 2014-2015
427,26.53260422,-109.15271000000001,Roya de la Hoja,0.02,2/27/15,2015,2,27,Ciclo 2014-2015
428,26.527044300000004,-109.1564636,Roya de la Hoja,0.01,3/6/15,2015,3,6,Ciclo 2014-2015
429,26.50138283,-109.172821,Roya de la Hoja,0.02,3/8/15,2015,3,8,Ciclo 2014-2015
430,26.48166466,-109.1881104,Roya de la Hoja,0.01,3/8/15,2015,3,8,Ciclo 2014-2015
431,26.55139351,-109.1508331,Roya de la Hoja,0.01,2/27/15,2015,2,27,Ciclo 2014-2015
432,26.49757767,-109.1972885,Roya de la Hoja,0.02,3/8/15,2015,3,8,Ciclo 2014-2015
433,26.52111626,-109.18645479999999,Roya de la Hoja,0.01,3/7/15,2015,3,7,Ciclo 2014-2015
434,26.44310951,-109.20280459999998,Roya de la Hoja,0.01,3/14/15,2015,3,14,Ciclo 2014-2015
435,26.50666809,-109.1883621,Roya de la Hoja,0.02,2/27/15,2015,2,27,Ciclo 2014-2015
436,26.45209122,-109.1992035,Roya de la Hoja,0.01,3/14/15,2015,3,14,Ciclo 2014-2015
437,26.48451424,-109.16193390000001,Roya de la Hoja,0.03,3/7/15,2015,3,7,Ciclo 2014-2015
438,26.53697777,-109.12832639999999,Roya de la Hoja,0.03,2/17/15,2015,2,17,Ciclo 2014-2015
439,26.43821144,-109.0926666,Roya de la Hoja,0.02,3/5/15,2015,3,5,Ciclo 2014-2015
440,26.49967957,-109.0838699,Roya de la Hoja,0.03,3/4/15,2015,3,4,Ciclo 2014-2015
441,26.49079704,-109.09568020000002,Roya de la Hoja,0.04,3/4/15,2015,3,4,Ciclo 2014-2015
442,26.47887993,-109.1016693,Roya de la Hoja,0.04,3/5/15,2015,3,5,Ciclo 2014-2015
443,26.43353462,-109.12014009999999,Roya de la Hoja,0.03,3/5/15,2015,3,5,Ciclo 2014-2015
444,26.41498947,-109.0321732,Roya de la Hoja,0.02,3/5/15,2015,3,5,Ciclo 2014-2015
445,26.55004501,-109.1514587,Roya de la Hoja,0.01,2/27/15,2015,2,27,Ciclo 2014-2015
446,26.49799156,-109.1783905,Roya de la Hoja,0.03,3/14/15,2015,3,14,Ciclo 2014-2015
447,26.94865417,-109.60420230000001,Roya de la Hoja,0.1,2/26/15,2015,2,26,Ciclo 2014-2015
448,26.52753639,-109.1740723,Roya de la Hoja,0.01,2/27/15,2015,2,27,Ciclo 2014-2015
449,26.49293137,-109.1497269,Roya de la Hoja,0.01,3/7/15,2015,3,7,Ciclo 2014-2015
450,26.54157639,-109.14137269999999,Roya de la Hoja,0.01,3/8/15,2015,3,8,Ciclo 2014-2015
451,26.49341393,-109.18396000000001,Roya de la Hoja,0.01,3/8/15,2015,3,8,Ciclo 2014-2015
452,26.47562408,-109.18617250000001,Roya de la Hoja,0.01,3/14/15,2015,3,14,Ciclo 2014-2015
453,27.30342102,-110.21979520000001,Roya de la Hoja,0.07,2/18/15,2015,2,18,Ciclo 2014-2015
454,27.27748299,-110.2597656,Roya de la Hoja,0.1,2/18/15,2015,2,18,Ciclo 2014-2015
455,26.43778229,-109.16963200000001,Roya de la Hoja,0.03,3/5/15,2015,3,5,Ciclo 2014-2015
456,26.44067764,-109.18595890000002,Roya de la Hoja,0.2,2/5/15,2015,2,5,Ciclo 2014-2015
457,26.44876862,-109.14760590000002,Roya de la Hoja,0.2,2/4/15,2015,2,4,Ciclo 2014-2015
458,26.45031738,-109.1488037,Roya de la Hoja,0.02,2/11/15,2015,2,11,Ciclo 2014-2015
459,26.48352432,-109.05716709999999,Roya de la Hoja,0.02,3/5/15,2015,3,5,Ciclo 2014-2015
460,26.485931400000002,-109.05445859999999,Roya de la Hoja,0.02,3/5/15,2015,3,5,Ciclo 2014-2015
461,26.46193695,-109.05998229999999,Roya de la Hoja,0.02,3/21/15,2015,3,21,Ciclo 2014-2015
462,26.43496895,-109.0414429,Roya de la Hoja,0.01,3/5/15,2015,3,5,Ciclo 2014-2015
463,26.39709282,-109.0824051,Roya de la Hoja,0.03,3/5/15,2015,3,5,Ciclo 2014-2015
464,26.47946739,-109.09520719999999,Roya de la Hoja,0.03,3/5/15,2015,3,5,Ciclo 2014-2015
465,26.41755104,-109.02820590000002,Roya de la Hoja,0.01,3/5/15,2015,3,5,Ciclo 2014-2015
466,27.22887993,-109.97273249999999,Roya de la Hoja,0.01,2/23/15,2015,2,23,Ciclo 2014-2015
467,26.47073555,-109.1807632,Roya de la Hoja,0.01,3/14/15,2015,3,14,Ciclo 2014-2015
468,26.47501373,-109.1834564,Roya de la Hoja,0.01,3/14/15,2015,3,14,Ciclo 2014-2015
469,26.53299713,-109.1495209,Roya de la Hoja,0.03,3/22/15,2015,3,22,Ciclo 2014-2015
470,26.51874352,-109.18038179999999,Roya de la Hoja,0.02,3/7/15,2015,3,7,Ciclo 2014-2015
471,26.50616646,-109.1882858,Roya de la Hoja,0.01,2/27/15,2015,2,27,Ciclo 2014-2015
472,26.52186966,-109.17372890000001,Roya de la Hoja,0.02,3/14/15,2015,3,14,Ciclo 2014-2015
473,26.4946804,-109.17651370000002,Roya de la Hoja,0.03,2/26/15,2015,2,26,Ciclo 2014-2015
474,26.52520561,-109.167923,Roya de la Hoja,0.02,3/8/15,2015,3,8,Ciclo 2014-2015
475,26.53961754,-109.16313170000001,Roya de la Hoja,0.03,3/13/15,2015,3,13,Ciclo 2014-2015
476,27.5772438,-110.13474270000002,Roya de la Hoja,0.11,3/18/15,2015,3,18,Ciclo 2014-2015
477,27.55516434,-110.10636140000001,Roya de la Hoja,0.03,3/17/15,2015,3,17,Ciclo 2014-2015
478,27.57332802,-110.0819473,Roya de la Hoja,0.1,3/13/15,2015,3,13,Ciclo 2014-2015
479,27.00337601,-109.72370149999999,Roya Lineal,0.01,2/24/16,2016,2,24,Ciclo 2015-2016
480,27.026630400000002,-109.7630997,Roya Lineal,0.01,3/17/16,2016,3,17,Ciclo 2015-2016
481,27.170967100000002,-109.7794876,Roya Lineal,0.05,2/15/16,2016,2,15,Ciclo 2015-2016
482,27.13527107,-109.8111649,Roya Lineal,0.01,2/23/16,2016,2,23,Ciclo 2015-2016
483,26.88778114,-109.63803859999999,Roya Lineal,0.7,3/21/16,2016,3,21,Ciclo 2015-2016
484,26.79844856,-109.74885559999998,Roya Lineal,0.1,2/10/16,2016,2,10,Ciclo 2015-2016
485,26.84340477,-109.7166519,Roya Lineal,0.01,1/25/16,2016,1,25,Ciclo 2015-2016
486,26.87813377,-109.7409821,Roya Lineal,0.35,2/16/16,2016,2,16,Ciclo 2015-2016
487,26.85905266,-109.7455063,Roya Lineal,0.01,2/9/16,2016,2,9,Ciclo 2015-2016
488,26.85113335,-109.7605591,Roya Lineal,0.01,2/3/16,2016,2,3,Ciclo 2015-2016
489,26.84973526,-109.77392579999999,Roya Lineal,0.03,2/9/16,2016,2,9,Ciclo 2015-2016
490,26.79945946,-109.7277145,Roya Lineal,0.1,2/10/16,2016,2,10,Ciclo 2015-2016
491,26.7924614,-109.69720459999999,Roya Lineal,0.2,2/10/16,2016,2,10,Ciclo 2015-2016
492,27.44344521,-110.05419920000001,Roya Lineal,0.02,3/14/16,2016,3,14,Ciclo 2015-2016
493,27.45534706,-110.06208799999999,Roya Lineal,0.01,3/2/16,2016,3,2,Ciclo 2015-2016
494,27.42785263,-110.07511140000001,Roya Lineal,0.01,3/7/16,2016,3,7,Ciclo 2015-2016
495,26.86665344,-109.62240600000001,Roya Lineal,0.01,3/3/16,2016,3,3,Ciclo 2015-2016
496,26.91461182,-109.5811462,Roya Lineal,0.01,2/18/16,2016,2,18,Ciclo 2015-2016
497,26.90514946,-109.5555801,Roya Lineal,0.01,2/17/16,2016,2,17,Ciclo 2015-2016
498,26.86187744,-109.60427859999999,Roya Lineal,0.01,3/3/16,2016,3,3,Ciclo 2015-2016
499,26.91689491,-109.699173,Roya Lineal,0.01,2/19/16,2016,2,19,Ciclo 2015-2016
500,26.917306899999996,-109.70510859999999,Roya Lineal,0.01,2/19/16,2016,2,19,Ciclo 2015-2016
501,26.95036507,-109.74444579999998,Roya Lineal,0.01,2/12/16,2016,2,12,Ciclo 2015-2016
502,26.83127785,-109.4663773,Roya Lineal,0.01,2/3/16,2016,2,3,Ciclo 2015-2016
503,26.86206436,-109.60444640000001,Roya Lineal,0.01,2/15/16,2016,2,15,Ciclo 2015-2016
504,26.95890045,-109.75751499999998,Roya Lineal,0.01,2/5/16,2016,2,5,Ciclo 2015-2016
505,26.95020485,-109.76267240000001,Roya Lineal,0.01,2/19/16,2016,2,19,Ciclo 2015-2016
506,26.52166939,-109.17396550000001,Roya Lineal,0.01,2/17/16,2016,2,17,Ciclo 2015-2016
507,26.500364299999998,-109.1731949,Roya Lineal,0.01,2/17/16,2016,2,17,Ciclo 2015-2016
508,26.50475121,-109.18801119999999,Roya Lineal,0.01,2/18/16,2016,2,18,Ciclo 2015-2016
509,26.47945404,-109.16565700000001,Roya Lineal,0.01,2/25/16,2016,2,25,Ciclo 2015-2016
510,26.537843699999996,-109.1627197,Roya Lineal,0.02,2/17/16,2016,2,17,Ciclo 2015-2016
511,26.47418785,-109.191925,Roya Lineal,0.01,2/18/16,2016,2,18,Ciclo 2015-2016
512,26.49251175,-109.17880249999999,Roya Lineal,0.01,2/27/16,2016,2,27,Ciclo 2015-2016
513,26.50074387,-109.173378,Roya Lineal,0.01,2/17/16,2016,2,17,Ciclo 2015-2016
514,26.47467804,-109.18717190000001,Roya Lineal,0.01,2/18/16,2016,2,18,Ciclo 2015-2016
515,26.53563499,-109.14815520000002,Roya Lineal,0.01,2/10/16,2016,2,10,Ciclo 2015-2016
516,26.52144241,-109.18589779999999,Roya Lineal,0.01,2/17/16,2016,2,17,Ciclo 2015-2016
517,26.52699661,-109.1567459,Roya Lineal,0.01,2/10/16,2016,2,10,Ciclo 2015-2016
518,26.48179245,-109.18765259999998,Roya Lineal,0.01,2/17/16,2016,2,17,Ciclo 2015-2016
519,26.52110863,-109.1783676,Roya Lineal,0.01,3/9/16,2016,3,9,Ciclo 2015-2016
520,26.49247932,-109.17890929999999,Roya Lineal,0.01,3/4/16,2016,3,4,Ciclo 2015-2016
521,26.47786713,-109.1885757,Roya Lineal,0.03,2/12/16,2016,2,12,Ciclo 2015-2016
522,26.50589943,-109.18630220000001,Roya Lineal,0.01,3/4/16,2016,3,4,Ciclo 2015-2016
523,26.47542763,-109.1830521,Roya Lineal,0.01,2/18/16,2016,2,18,Ciclo 2015-2016
524,26.50529099,-109.18801119999999,Roya Lineal,0.01,2/18/16,2016,2,18,Ciclo 2015-2016
525,26.81961632,-109.7410355,Roya Lineal,0.02,2/9/16,2016,2,9,Ciclo 2015-2016
526,26.81517601,-109.75790409999999,Roya Lineal,0.05,2/16/16,2016,2,16,Ciclo 2015-2016
527,26.78934669,-109.7689972,Roya Lineal,0.01,2/17/16,2016,2,17,Ciclo 2015-2016
528,26.78665161,-109.76810459999999,Roya Lineal,0.01,2/17/16,2016,2,17,Ciclo 2015-2016
529,26.79953766,-109.65902709999999,Roya Lineal,0.2,2/10/16,2016,2,10,Ciclo 2015-2016
530,26.77108002,-109.5960007,Roya Lineal,0.01,2/12/16,2016,2,12,Ciclo 2015-2016
531,26.76241112,-109.59882350000001,Roya Lineal,0.01,2/12/16,2016,2,12,Ciclo 2015-2016
532,26.82459641,-109.61969760000001,Roya Lineal,0.01,1/29/16,2016,1,29,Ciclo 2015-2016
533,27.2992115,-110.0550537,Roya Lineal,0.01,3/3/16,2016,3,3,Ciclo 2015-2016
534,27.24363708,-110.0558014,Roya Lineal,0.04,3/15/16,2016,3,15,Ciclo 2015-2016
535,27.212650300000004,-110.0357437,Roya Lineal,0.01,3/2/16,2016,3,2,Ciclo 2015-2016
536,27.33443069,-109.86885829999999,Roya Lineal,0.02,3/8/16,2016,3,8,Ciclo 2015-2016
537,27.20195389,-109.8712463,Roya Lineal,0.01,3/3/16,2016,3,3,Ciclo 2015-2016
538,27.46769142,-109.90021509999998,Roya Lineal,0.05,3/2/16,2016,3,2,Ciclo 2015-2016
539,27.37501907,-109.8913956,Roya Lineal,0.01,3/1/16,2016,3,1,Ciclo 2015-2016
540,26.53731728,-109.12877659999998,Roya Lineal,0.01,2/9/16,2016,2,9,Ciclo 2015-2016
541,26.53681564,-109.12810520000001,Roya Lineal,0.01,2/9/16,2016,2,9,Ciclo 2015-2016
542,26.53601837,-109.1201706,Roya Lineal,0.01,2/3/16,2016,2,3,Ciclo 2015-2016
543,26.43802261,-109.189949,Roya Lineal,0.01,2/10/16,2016,2,10,Ciclo 2015-2016
544,26.43208313,-109.17804720000001,Roya Lineal,0.01,2/5/16,2016,2,5,Ciclo 2015-2016
545,26.44565201,-109.17722320000001,Roya Lineal,0.03,2/10/16,2016,2,10,Ciclo 2015-2016
546,26.49962807,-109.0843048,Roya Lineal,0.01,2/16/16,2016,2,16,Ciclo 2015-2016
547,26.4887886,-109.0804367,Roya Lineal,0.01,2/24/16,2016,2,24,Ciclo 2015-2016
548,26.48508644,-109.05431370000001,Roya Lineal,0.01,2/16/16,2016,2,16,Ciclo 2015-2016
549,26.54168701,-109.11709590000001,Roya Lineal,0.01,2/16/16,2016,2,16,Ciclo 2015-2016
550,26.54109764,-109.1194534,Roya Lineal,0.01,2/24/16,2016,2,24,Ciclo 2015-2016
551,26.53380966,-109.11770630000001,Roya Lineal,0.01,3/2/16,2016,3,2,Ciclo 2015-2016
552,26.51498795,-109.09760279999999,Roya Lineal,0.01,3/9/16,2016,3,9,Ciclo 2015-2016
553,26.52706909,-109.1135483,Roya Lineal,0.01,3/9/16,2016,3,9,Ciclo 2015-2016
554,26.48678589,-109.15799709999999,Roya Lineal,0.01,2/16/16,2016,2,16,Ciclo 2015-2016
555,26.51483536,-109.20616909999998,Roya Lineal,0.01,3/9/16,2016,3,9,Ciclo 2015-2016
556,26.46224213,-109.16619109999999,Roya Lineal,0.01,1/29/16,2016,1,29,Ciclo 2015-2016
557,26.45479202,-109.1528473,Roya Lineal,0.01,2/10/16,2016,2,10,Ciclo 2015-2016
558,27.40978432,-110.2753372,Roya Lineal,0.03,2/25/16,2016,2,25,Ciclo 2015-2016
559,27.40919876,-110.2518845,Roya Lineal,0.12,3/7/16,2016,3,7,Ciclo 2015-2016
560,27.27231598,-110.2165604,Roya Lineal,0.57,3/2/16,2016,3,2,Ciclo 2015-2016
561,27.0439167,-109.7857895,Roya Lineal,0.01,3/9/16,2016,3,9,Ciclo 2015-2016
562,27.08940697,-109.8536453,Roya Lineal,0.03,3/14/16,2016,3,14,Ciclo 2015-2016
563,27.05732536,-109.901123,Roya Lineal,0.11,2/25/16,2016,2,25,Ciclo 2015-2016
564,28.37470245,-110.48240659999999,Roya Lineal,0.03,3/28/16,2016,3,28,Ciclo 2015-2016
565,26.98257256,-109.69696809999999,Roya Lineal,0.01,2/9/16,2016,2,9,Ciclo 2015-2016
566,27.05239868,-109.62374879999999,Roya Lineal,0.01,2/23/16,2016,2,23,Ciclo 2015-2016
567,27.01836586,-109.5819626,Roya Lineal,0.04,3/4/16,2016,3,4,Ciclo 2015-2016
568,26.98882103,-109.675827,Roya Lineal,0.03,2/17/16,2016,2,17,Ciclo 2015-2016
569,26.91151619,-109.500679,Roya Lineal,0.01,2/15/16,2016,2,15,Ciclo 2015-2016
570,26.94637299,-109.49872590000001,Roya Lineal,0.05,2/18/16,2016,2,18,Ciclo 2015-2016
571,26.84183884,-109.4724045,Roya Lineal,0.03,2/8/16,2016,2,8,Ciclo 2015-2016
572,26.90427017,-109.4958115,Roya Lineal,0.01,2/15/16,2016,2,15,Ciclo 2015-2016
573,26.94083023,-109.49383540000001,Roya Lineal,0.02,2/15/16,2016,2,15,Ciclo 2015-2016
574,27.21958733,-109.33468629999999,Roya Lineal,0.01,2/16/16,2016,2,16,Ciclo 2015-2016
575,26.99838257,-109.43653870000001,Roya Lineal,0.01,2/25/16,2016,2,25,Ciclo 2015-2016
576,27.08899307,-109.54527279999999,Roya Lineal,0.01,3/9/16,2016,3,9,Ciclo 2015-2016
577,27.01721573,-109.5054703,Roya Lineal,0.01,2/24/16,2016,2,24,Ciclo 2015-2016
578,26.77273941,-109.617218,Roya Lineal,0.01,2/12/16,2016,2,12,Ciclo 2015-2016
579,26.8807354,-109.71828459999999,Roya Lineal,0.08,2/22/16,2016,2,22,Ciclo 2015-2016
580,26.888860700000002,-109.63263700000002,Roya Lineal,0.01,2/2/16,2016,2,2,Ciclo 2015-2016
581,26.79168892,-109.6789703,Roya Lineal,0.04,2/17/16,2016,2,17,Ciclo 2015-2016
582,26.78512573,-109.69737240000002,Roya Lineal,0.03,2/10/16,2016,2,10,Ciclo 2015-2016
583,26.77064705,-109.717514,Roya Lineal,0.04,2/3/16,2016,2,3,Ciclo 2015-2016
584,26.83133125,-109.720871,Roya Lineal,0.02,2/3/16,2016,2,3,Ciclo 2015-2016
585,26.83646965,-109.7274246,Roya Lineal,0.4,2/16/16,2016,2,16,Ciclo 2015-2016
586,26.76298904,-109.63172150000001,Roya Lineal,0.01,2/18/16,2016,2,18,Ciclo 2015-2016
587,26.78300858,-109.66373440000001,Roya Lineal,0.02,2/11/16,2016,2,11,Ciclo 2015-2016
588,26.83021736,-109.72675320000002,Roya Lineal,0.01,2/16/16,2016,2,16,Ciclo 2015-2016
589,26.792879100000004,-109.6380692,Roya Lineal,0.01,2/18/16,2016,2,18,Ciclo 2015-2016
590,26.85849953,-109.69792179999999,Roya Lineal,0.01,2/2/16,2016,2,2,Ciclo 2015-2016
591,26.79987526,-109.6516571,Roya Lineal,0.05,2/10/16,2016,2,10,Ciclo 2015-2016
592,26.799963,-109.6461334,Roya Lineal,0.01,2/11/16,2016,2,11,Ciclo 2015-2016
593,26.53305626,-109.15163419999999,Roya Lineal,0.01,2/27/16,2016,2,27,Ciclo 2015-2016
594,26.50706291,-109.1846313,Roya Lineal,0.02,2/27/16,2016,2,27,Ciclo 2015-2016
595,26.53619576,-109.17082979999999,Roya Lineal,0.01,2/17/16,2016,2,17,Ciclo 2015-2016
596,26.55003738,-109.13925929999999,Roya Lineal,0.01,3/2/16,2016,3,2,Ciclo 2015-2016
597,26.53979683,-109.14138030000001,Roya Lineal,0.01,2/17/16,2016,2,17,Ciclo 2015-2016
598,26.44405556,-109.2015533,Roya Lineal,0.01,2/18/16,2016,2,18,Ciclo 2015-2016
599,26.55286789,-109.1355591,Roya Lineal,0.01,2/10/16,2016,2,10,Ciclo 2015-2016
600,26.52900887,-109.17181399999998,Roya Lineal,0.01,2/17/16,2016,2,17,Ciclo 2015-2016
601,26.47488594,-109.19264220000001,Roya Lineal,0.01,2/4/16,2016,2,4,Ciclo 2015-2016
602,26.534467699999997,-109.15837859999999,Roya Lineal,0.01,2/27/16,2016,2,27,Ciclo 2015-2016
603,26.49031258,-109.15307620000002,Roya Lineal,0.01,2/25/16,2016,2,25,Ciclo 2015-2016
604,26.51936722,-109.17852020000001,Roya Lineal,0.01,2/26/16,2016,2,26,Ciclo 2015-2016
605,26.9233284,-109.6906662,Roya Lineal,0.01,2/19/16,2016,2,19,Ciclo 2015-2016
606,26.93532753,-109.5923233,Roya Lineal,0.01,2/25/16,2016,2,25,Ciclo 2015-2016
607,27.25289154,-110.01795200000001,Roya Lineal,0.01,2/23/16,2016,2,23,Ciclo 2015-2016
608,27.22722054,-109.93567659999998,Roya Lineal,0.01,3/1/16,2016,3,1,Ciclo 2015-2016
609,27.27104378,-110.0355682,Roya Lineal,0.05,3/3/16,2016,3,3,Ciclo 2015-2016
610,27.28649902,-110.0763626,Roya Lineal,0.02,2/18/16,2016,2,18,Ciclo 2015-2016
611,27.28043175,-110.05271909999999,Roya Lineal,0.01,3/9/16,2016,3,9,Ciclo 2015-2016
612,26.79170418,-109.5674438,Roya Lineal,0.02,2/16/16,2016,2,16,Ciclo 2015-2016
613,26.93465614,-109.6025925,Roya Lineal,0.01,2/25/16,2016,2,25,Ciclo 2015-2016
614,26.8664875,-109.5930328,Roya Lineal,0.01,2/8/16,2016,2,8,Ciclo 2015-2016
615,26.85096931,-109.58281709999999,Roya Lineal,0.01,2/22/16,2016,2,22,Ciclo 2015-2016
616,26.90484238,-109.5923233,Roya Lineal,0.01,3/3/16,2016,3,3,Ciclo 2015-2016
617,26.83066559,-109.50611880000001,Roya Lineal,0.01,3/9/16,2016,3,9,Ciclo 2015-2016
618,26.89570808,-109.66854099999999,Roya Lineal,0.01,1/28/16,2016,1,28,Ciclo 2015-2016
619,27.19012833,-109.8479538,Roya Lineal,0.02,3/9/16,2016,3,9,Ciclo 2015-2016
620,27.177791600000003,-109.64371489999999,Roya Lineal,0.03,3/4/16,2016,3,4,Ciclo 2015-2016
621,27.12607956,-109.76303100000001,Roya Lineal,0.01,3/1/16,2016,3,1,Ciclo 2015-2016
622,27.14396477,-109.796196,Roya Lineal,0.02,3/3/16,2016,3,3,Ciclo 2015-2016
623,27.11122894,-109.6427307,Roya Lineal,0.01,2/25/16,2016,2,25,Ciclo 2015-2016
624,27.15275955,-109.85917659999998,Roya Lineal,0.1,3/3/16,2016,3,3,Ciclo 2015-2016
625,27.12592697,-109.7712784,Roya Lineal,0.12,3/1/16,2016,3,1,Ciclo 2015-2016
626,27.17170525,-109.7930603,Roya Lineal,0.02,3/1/16,2016,3,1,Ciclo 2015-2016
627,27.46338654,-110.0152283,Roya Lineal,0.01,3/7/16,2016,3,7,Ciclo 2015-2016
628,27.52352905,-110.04198459999999,Roya Lineal,0.01,3/1/16,2016,3,1,Ciclo 2015-2016
629,27.41461945,-110.078331,Roya Lineal,0.02,3/14/16,2016,3,14,Ciclo 2015-2016
630,27.51068306,-110.117775,Roya Lineal,0.02,2/23/16,2016,2,23,Ciclo 2015-2016
631,27.49433899,-110.05504609999998,Roya Lineal,0.01,3/1/16,2016,3,1,Ciclo 2015-2016
632,27.08933258,-109.7908325,Roya Lineal,0.01,3/1/16,2016,3,1,Ciclo 2015-2016
633,27.01967812,-109.8461838,Roya Lineal,0.06,2/23/16,2016,2,23,Ciclo 2015-2016
634,27.034545899999998,-109.85260009999999,Roya Lineal,0.04,2/24/16,2016,2,24,Ciclo 2015-2016
635,27.11689758,-109.7310028,Roya Lineal,0.02,2/23/16,2016,2,23,Ciclo 2015-2016
636,27.02648544,-109.76308440000001,Roya Lineal,0.01,3/7/16,2016,3,7,Ciclo 2015-2016
637,27.01950264,-109.7892456,Roya Lineal,0.01,2/8/16,2016,2,8,Ciclo 2015-2016
638,27.00482941,-109.7238007,Roya Lineal,0.01,2/24/16,2016,2,24,Ciclo 2015-2016
639,26.98485947,-109.75086979999999,Roya Lineal,0.01,2/16/16,2016,2,16,Ciclo 2015-2016
640,27.24529457,-109.99601750000001,Roya Lineal,0.03,3/7/16,2016,3,7,Ciclo 2015-2016
641,27.25630379,-110.0865784,Roya Lineal,0.01,2/24/16,2016,2,24,Ciclo 2015-2016
642,27.28088951,-110.01371,Roya Lineal,0.03,3/4/16,2016,3,4,Ciclo 2015-2016
643,27.20915031,-109.9745178,Roya Lineal,0.01,2/15/16,2016,2,15,Ciclo 2015-2016
644,27.28058243,-110.08669280000001,Roya Lineal,0.04,2/16/16,2016,2,16,Ciclo 2015-2016
645,27.24431229,-110.1055603,Roya Lineal,0.01,2/23/16,2016,2,23,Ciclo 2015-2016
646,27.28194046,-110.11778259999998,Roya Lineal,0.01,2/16/16,2016,2,16,Ciclo 2015-2016
647,27.22982597,-110.07647709999999,Roya Lineal,0.02,3/2/16,2016,3,2,Ciclo 2015-2016
648,27.35593987,-109.8714294,Roya Lineal,0.11,3/2/16,2016,3,2,Ciclo 2015-2016
649,27.24049759,-110.1165314,Roya Lineal,0.02,3/15/16,2016,3,15,Ciclo 2015-2016
650,27.22551346,-110.0602875,Roya Lineal,0.13,2/23/16,2016,2,23,Ciclo 2015-2016
651,26.52673912,-109.157196,Roya Lineal,0.01,2/27/16,2016,2,27,Ciclo 2015-2016
652,26.54824638,-109.16967009999999,Roya Lineal,0.01,2/17/16,2016,2,17,Ciclo 2015-2016
653,27.62012291,-110.31470490000001,Roya Lineal,0.03,3/22/16,2016,3,22,Ciclo 2015-2016
654,27.64481163,-110.3736267,Roya Lineal,0.02,3/11/16,2016,3,11,Ciclo 2015-2016
655,27.345825199999997,-109.9302216,Roya Lineal,0.01,2/18/16,2016,2,18,Ciclo 2015-2016
656,27.22634888,-109.8608246,Roya Lineal,0.02,3/3/16,2016,3,3,Ciclo 2015-2016
657,27.26222992,-109.9040604,Roya Lineal,0.02,3/10/16,2016,3,10,Ciclo 2015-2016
658,27.33766937,-109.97489170000001,Roya Lineal,0.01,3/8/16,2016,3,8,Ciclo 2015-2016
659,27.24613953,-109.9562607,Roya Lineal,0.01,3/8/16,2016,3,8,Ciclo 2015-2016
660,26.49214554,-109.15052800000001,Roya Lineal,0.01,2/18/16,2016,2,18,Ciclo 2015-2016
661,26.50327873,-109.17230990000002,Roya Lineal,0.01,3/4/16,2016,3,4,Ciclo 2015-2016
662,27.21181107,-109.82952879999999,Roya Lineal,0.03,2/15/16,2016,2,15,Ciclo 2015-2016
663,27.47919655,-110.3240967,Roya Lineal,0.04,3/22/16,2016,3,22,Ciclo 2015-2016
664,27.41404533,-110.29252620000001,Roya Lineal,0.16,2/25/16,2016,2,25,Ciclo 2015-2016
665,27.40564919,-110.3215179,Roya Lineal,0.01,2/15/16,2016,2,15,Ciclo 2015-2016
666,27.39306068,-110.3624344,Roya Lineal,0.1,4/4/16,2016,4,4,Ciclo 2015-2016
667,27.38191986,-110.24088290000002,Roya Lineal,0.02,3/14/16,2016,3,14,Ciclo 2015-2016
668,27.39095688,-110.26718899999999,Roya Lineal,0.01,3/14/16,2016,3,14,Ciclo 2015-2016
669,27.37072372,-110.3011398,Roya Lineal,0.01,3/10/16,2016,3,10,Ciclo 2015-2016
670,27.35561752,-110.30950929999999,Roya Lineal,0.03,3/28/16,2016,3,28,Ciclo 2015-2016
671,27.31978989,-110.1992416,Roya Lineal,0.01,3/8/16,2016,3,8,Ciclo 2015-2016
672,27.2816925,-110.2447662,Roya Lineal,0.21,3/16/16,2016,3,16,Ciclo 2015-2016
673,27.2778511,-110.2698517,Roya Lineal,0.01,2/17/16,2016,2,17,Ciclo 2015-2016
674,27.41047859,-110.1946793,Roya Lineal,0.01,3/18/16,2016,3,18,Ciclo 2015-2016
675,27.40846443,-110.116127,Roya Lineal,0.12,3/14/16,2016,3,14,Ciclo 2015-2016
676,27.39508247,-110.1978607,Roya Lineal,0.01,2/17/16,2016,2,17,Ciclo 2015-2016
677,27.33671188,-110.0098419,Roya Lineal,0.01,3/2/16,2016,3,2,Ciclo 2015-2016
678,27.30032539,-109.9960327,Roya Lineal,0.03,3/18/16,2016,3,18,Ciclo 2015-2016
679,27.31850052,-110.1184235,Roya Lineal,0.01,2/26/16,2016,2,26,Ciclo 2015-2016
680,27.28204918,-110.15898899999999,Roya Lineal,0.01,2/26/16,2016,2,26,Ciclo 2015-2016
681,27.27945518,-110.1783142,Roya Lineal,0.01,2/19/16,2016,2,19,Ciclo 2015-2016
682,27.39053345,-110.03411100000001,Roya Lineal,0.01,3/17/16,2016,3,17,Ciclo 2015-2016
683,26.43523407,-108.9895325,Roya Lineal,0.02,2/17/16,2016,2,17,Ciclo 2015-2016
684,26.43768311,-109.0019379,Roya Lineal,0.01,2/17/16,2016,2,17,Ciclo 2015-2016
685,26.43337822,-109.1559067,Roya Lineal,0.01,2/16/16,2016,2,16,Ciclo 2015-2016
686,26.36681175,-109.0786209,Roya Lineal,0.01,2/11/16,2016,2,11,Ciclo 2015-2016
687,26.3746891,-109.11699679999998,Roya Lineal,0.01,2/17/16,2016,2,17,Ciclo 2015-2016
688,26.41411591,-109.0333557,Roya Lineal,0.02,2/11/16,2016,2,11,Ciclo 2015-2016
689,26.43223381,-109.19030759999998,Roya Lineal,0.01,2/25/16,2016,2,25,Ciclo 2015-2016
690,26.439706800000003,-109.17205049999998,Roya Lineal,0.01,2/5/16,2016,2,5,Ciclo 2015-2016
691,26.47504044,-109.15137479999999,Roya Lineal,0.01,2/10/16,2016,2,10,Ciclo 2015-2016
692,26.43043709,-109.17638400000001,Roya Lineal,0.02,2/16/16,2016,2,16,Ciclo 2015-2016
693,26.43897057,-109.1713257,Roya Lineal,0.02,2/16/16,2016,2,16,Ciclo 2015-2016
694,26.45642281,-109.07586670000002,Roya Lineal,0.01,2/16/16,2016,2,16,Ciclo 2015-2016
695,26.43612862,-109.0396423,Roya Lineal,0.01,2/27/16,2016,2,27,Ciclo 2015-2016
696,27.62686157,-110.29547120000001,Roya Lineal,0.03,3/3/16,2016,3,3,Ciclo 2015-2016
697,27.61801529,-110.22757720000001,Roya Lineal,0.1,3/12/16,2016,3,12,Ciclo 2015-2016
698,27.595773699999995,-110.0117111,Roya Lineal,0.02,3/4/16,2016,3,4,Ciclo 2015-2016
699,27.13131905,-109.4297943,Roya Lineal,0.01,2/9/16,2016,2,9,Ciclo 2015-2016
700,27.11956215,-109.40784450000001,Roya Lineal,0.01,3/9/16,2016,3,9,Ciclo 2015-2016
701,26.74981308,-109.6630402,Roya Lineal,0.01,2/5/16,2016,2,5,Ciclo 2015-2016
702,26.786466600000004,-109.63249209999998,Roya Lineal,0.01,2/18/16,2016,2,18,Ciclo 2015-2016
703,26.75477982,-109.697319,Roya Lineal,0.02,2/11/16,2016,2,11,Ciclo 2015-2016
704,26.83874512,-109.49486540000001,Roya Lineal,0.01,3/1/16,2016,3,1,Ciclo 2015-2016
705,27.07338715,-109.56258390000002,Roya Lineal,0.01,3/2/16,2016,3,2,Ciclo 2015-2016
706,26.99536514,-109.6732178,Roya Lineal,0.01,2/17/16,2016,2,17,Ciclo 2015-2016
707,27.00159073,-109.64614109999998,Roya Lineal,0.06,2/5/16,2016,2,5,Ciclo 2015-2016
708,26.90562248,-109.52812959999999,Roya Lineal,0.02,2/20/16,2016,2,20,Ciclo 2015-2016
709,26.91940308,-109.45298770000001,Roya Lineal,0.01,2/27/16,2016,2,27,Ciclo 2015-2016
710,26.48629379,-109.18434140000001,Roya Lineal,0.01,2/17/16,2016,2,17,Ciclo 2015-2016
711,26.41028976,-109.0846939,Roya Lineal,0.01,3/10/16,2016,3,10,Ciclo 2015-2016
712,26.43912697,-109.04728700000001,Roya Lineal,0.01,2/17/16,2016,2,17,Ciclo 2015-2016
713,26.96194839,-109.7157135,Roya Lineal,0.02,2/17/16,2016,2,17,Ciclo 2015-2016
714,27.05318642,-109.58190159999998,Roya Lineal,0.01,3/4/16,2016,3,4,Ciclo 2015-2016
715,26.98870087,-109.64160919999999,Roya Lineal,0.03,3/4/16,2016,3,4,Ciclo 2015-2016
716,26.98705292,-109.5915375,Roya Lineal,0.01,3/3/16,2016,3,3,Ciclo 2015-2016
717,26.99185562,-109.6107101,Roya Lineal,0.02,2/25/16,2016,2,25,Ciclo 2015-2016
718,26.96674347,-109.58246609999999,Roya Lineal,0.01,2/25/16,2016,2,25,Ciclo 2015-2016
719,26.96649551,-109.5951462,Roya Lineal,0.01,2/19/16,2016,2,19,Ciclo 2015-2016
720,26.97497368,-109.5987625,Roya Lineal,0.01,3/10/16,2016,3,10,Ciclo 2015-2016
721,26.96134949,-109.45327759999998,Roya Lineal,0.01,2/20/16,2016,2,20,Ciclo 2015-2016
722,26.94161797,-109.51792140000002,Roya Lineal,0.01,2/27/16,2016,2,27,Ciclo 2015-2016
723,26.52748108,-109.15686799999999,Roya Lineal,0.01,2/5/16,2016,2,5,Ciclo 2015-2016
724,26.9264679,-109.4527817,Roya Lineal,0.01,2/27/16,2016,2,27,Ciclo 2015-2016
725,27.18136978,-109.572464,Roya Lineal,0.02,2/18/16,2016,2,18,Ciclo 2015-2016
726,27.170888899999998,-109.5541382,Roya Lineal,0.01,3/18/16,2016,3,18,Ciclo 2015-2016
727,27.15254021,-109.6277084,Roya Lineal,0.01,3/18/16,2016,3,18,Ciclo 2015-2016
728,26.50145721,-109.19267269999999,Roya de la Hoja,0.01,3/4/16,2016,3,4,Ciclo 2015-2016
729,26.52140427,-109.18585970000001,Roya de la Hoja,0.01,2/26/16,2016,2,26,Ciclo 2015-2016
730,26.52738571,-109.1565399,Roya de la Hoja,0.01,2/27/16,2016,2,27,Ciclo 2015-2016
731,26.47786713,-109.1885757,Roya de la Hoja,0.02,2/12/16,2016,2,12,Ciclo 2015-2016
732,26.43208313,-109.17804720000001,Roya de la Hoja,0.01,2/5/16,2016,2,5,Ciclo 2015-2016
733,26.44565201,-109.17722320000001,Roya de la Hoja,0.01,2/10/16,2016,2,10,Ciclo 2015-2016
734,26.46224213,-109.16619109999999,Roya de la Hoja,0.01,1/29/16,2016,1,29,Ciclo 2015-2016
735,26.45457077,-109.15283970000002,Roya de la Hoja,0.01,2/16/16,2016,2,16,Ciclo 2015-2016
736,26.53971863,-109.1414108,Roya de la Hoja,0.01,3/2/16,2016,3,2,Ciclo 2015-2016
737,26.55270958,-109.1357117,Roya de la Hoja,0.01,3/2/16,2016,3,2,Ciclo 2015-2016
738,26.51952744,-109.17856599999999,Roya de la Hoja,0.01,3/9/16,2016,3,9,Ciclo 2015-2016
739,26.50939941,-109.1694794,Roya de la Hoja,0.01,3/8/16,2016,3,8,Ciclo 2015-2016
740,26.43043709,-109.17638400000001,Roya de la Hoja,0.02,2/16/16,2016,2,16,Ciclo 2015-2016
741,26.94823265,-109.60157009999999,Roya de la Hoja,0.02,3/10/16,2016,3,10,Ciclo 2015-2016
742,26.52899361,-109.15715790000002,Roya de la Hoja,0.01,3/8/16,2016,3,8,Ciclo 2015-2016
